id,url,region,region_url,price,year,manufacturer,model,condition,cylinders,fuel,odometer,title_status,transmission,VIN,drive,size,type,paint_color,image_url,description,county,state,lat,long,posting_date
7301591001,https://example.craigslist.org/cto/d/7301591001.html,los angeles,https://example.craigslist.org,-500,2017,honda,civic,salvage,,gas,,missing,,,fwd,compact,coupe,blue,https://images.craigslist.org/7301591001.jpg,"Runs great, one owner.",,ca,41.468451,-101.765449,2021-06-26T14:37:00-0500
7301591002,https://example.craigslist.org/cto/d/7301591002.html,phoenix,https://example.craigslist.org,21426,2018,mercedes-benz,c-class,,10 cylinders,gas,0,clean,,,4wd,full-size,mini-van,red,https://images.craigslist.org/7301591002.jpg,"Runs great, one owner.",,az,37.333246,-103.937678,2021-04-28T17:18:00-0500
7301591003,https://example.craigslist.org/cto/d/7301591003.html,albuquerque,https://example.craigslist.org,0,2012,other-brand-x,,new,6 cylinders,gas,12512,lien,other,,4wd,mid-size,hatchback,grey,https://images.craigslist.org/7301591003.jpg,,,nm,41.141867,-120.215667,2021-05-08T20:10:00-0500
7301591004,https://example.craigslist.org/cto/d/7301591004.html,denver,https://example.craigslist.org,21917,2001,,,salvage,10 cylinders,gas,0,salvage,automatic,,,full-size,SUV,blue,https://images.craigslist.org/7301591004.jpg,,,co,36.482319,-89.928851,2021-04-29T04:16:00-0500
7301591005,https://example.craigslist.org/cto/d/7301591005.html,seattle-tacoma,https://example.craigslist.org,,2017,nissan,sentra,good,10 cylinders,diesel,196325,salvage,,,fwd,compact,truck,silver,https://images.craigslist.org/7301591005.jpg,Needs work.,,wa,33.849648,-99.193356,2021-06-14T08:35:00-0500
7301591006,https://example.craigslist.org/cto/d/7301591006.html,miami,https://example.craigslist.org,,2015,ford,f-150,excellent,12 cylinders,diesel,201983,lien,automatic,1HGCM82633A091006,4wd,,truck,black,https://images.craigslist.org/7301591006.jpg,,,fl,36.676246,-104.182566,2021-04-15T05:34:00-0500
7301591007,https://example.craigslist.org/cto/d/7301591007.html,miami,https://example.craigslist.org,42987,2013,subaru,outback,like new,3 cylinders,diesel,,missing,automatic,,,compact,van,silver,https://images.craigslist.org/7301591007.jpg,,,fl,46.77752,-96.033289,2021-05-10T19:27:00-0500
7301591008,https://example.craigslist.org/cto/d/7301591008.html,seattle-tacoma,https://example.craigslist.org,-500,2018,kia,sportage,salvage,10 cylinders,electric,0,missing,,,rwd,mid-size,SUV,grey,https://images.craigslist.org/7301591008.jpg,"Runs great, one owner.",,wa,30.292639,-120.237366,2021-06-25T20:03:00-0500
7301591009,https://example.craigslist.org/cto/d/7301591009.html,new york city,https://example.craigslist.org,0,1995,bmw,3 series,good,6 cylinders,other,,salvage,,,,sub-compact,coupe,black,https://images.craigslist.org/7301591009.jpg,"Runs great, one owner.",,ny,33.148844,-78.216652,2021-06-25T01:43:00-0500
7301591010,https://example.craigslist.org/cto/d/7301591010.html,albuquerque,https://example.craigslist.org,0,2006,honda,civic,good,5 cylinders,electric,,salvage,other,,rwd,compact,wagon,black,https://images.craigslist.org/7301591010.jpg,"Runs great, one owner.",,nm,37.433523,,2021-06-08T02:59:00-0500
7301591011,https://example.craigslist.org/cto/d/7301591011.html,dallas / fort worth,https://example.craigslist.org,64153,2007,bmw,3 series,good,3 cylinders,electric,0,rebuilt,,,,,other,,https://images.craigslist.org/7301591011.jpg,,,tx,30.007121,,2021-04-22T23:34:00-0500
7301591012,https://example.craigslist.org/cto/d/7301591012.html,phoenix,https://example.craigslist.org,7072,1995,chevrolet,equinox,fair,4 cylinders,diesel,132319,clean,automatic,1HGCM82633A091012,rwd,sub-compact,SUV,blue,https://images.craigslist.org/7301591012.jpg,"Runs great, one owner.",,az,34.642173,-96.292516,2021-04-08T08:13:00-0500
7301591013,https://example.craigslist.org/cto/d/7301591013.html,new york city,https://example.craigslist.org,-500,2002,lexus,rx 350,excellent,4 cylinders,gas,176579,lien,automatic,,rwd,,pickup,silver,https://images.craigslist.org/7301591013.jpg,,,ny,45.223216,-115.639418,2021-05-29T17:45:00-0500
7301591014,https://example.craigslist.org/cto/d/7301591014.html,new york city,https://example.craigslist.org,0,2019,audi,a6,new,5 cylinders,hybrid,175576,clean,automatic,1HGCM82633A091014,rwd,full-size,pickup,blue,https://images.craigslist.org/7301591014.jpg,,,ny,39.587473,-98.107812,2021-06-24T01:05:00-0500
7301591015,https://example.craigslist.org/cto/d/7301591015.html,new york city,https://example.craigslist.org,,1995,tesla,model y,salvage,other,other,,parts only,,1HGCM82633A091015,fwd,compact,SUV,silver,https://images.craigslist.org/7301591015.jpg,"Runs great, one owner.",,ny,38.39772,-117.245387,2021-04-21T09:23:00-0500
7301591016,https://example.craigslist.org/cto/d/7301591016.html,miami,https://example.craigslist.org,-500,2000,chevrolet,equinox,,12 cylinders,other,,parts only,manual,,rwd,mid-size,convertible,white,https://images.craigslist.org/7301591016.jpg,,,fl,32.640266,-81.481538,2021-06-11T23:51:00-0500
7301591017,https://example.craigslist.org/cto/d/7301591017.html,chicago,https://example.craigslist.org,0,1999,bmw,x5,like new,other,hybrid,,rebuilt,manual,,fwd,mid-size,convertible,grey,https://images.craigslist.org/7301591017.jpg,,,il,47.238449,-90.001468,2021-04-29T12:43:00-0500
7301591018,https://example.craigslist.org/cto/d/7301591018.html,new york city,https://example.craigslist.org,,,,,new,12 cylinders,hybrid,47310,parts only,other,,fwd,sub-compact,mini-van,blue,https://images.craigslist.org/7301591018.jpg,,,ny,,-96.444222,2021-04-05T17:43:00-0500
7301591019,https://example.craigslist.org/cto/d/7301591019.html,los angeles,https://example.craigslist.org,,2007,kia,soul,fair,8 cylinders,,0,lien,other,,4wd,,truck,blue,https://images.craigslist.org/7301591019.jpg,Needs work.,,ca,33.720341,-114.776551,2021-05-09T18:19:00-0500
7301591020,https://example.craigslist.org/cto/d/7301591020.html,atlanta,https://example.craigslist.org,-500,2003,ferrari,488,excellent,other,electric,113192,lien,manual,1HGCM82633A091020,,mid-size,other,black,https://images.craigslist.org/7301591020.jpg,,,ga,39.55764,-80.623556,2021-06-23T07:43:00-0500
7301591021,https://example.craigslist.org/cto/d/7301591021.html,albuquerque,https://example.craigslist.org,-500,2019,audi,a4,fair,4 cylinders,electric,,lien,manual,1HGCM82633A091021,,sub-compact,convertible,blue,https://images.craigslist.org/7301591021.jpg,,,nm,25.127531,-83.187552,2021-05-31T03:49:00-0500
7301591022,https://example.craigslist.org/cto/d/7301591022.html,albuquerque,https://example.craigslist.org,91714,1999,tesla,model 3,good,5 cylinders,electric,13664,parts only,other,,,,wagon,silver,https://images.craigslist.org/7301591022.jpg,Needs work.,,nm,42.290866,-109.302498,2021-04-16T16:31:00-0500
7301591023,https://example.craigslist.org/cto/d/7301591023.html,miami,https://example.craigslist.org,,2008,bmw,x5,fair,4 cylinders,diesel,0,salvage,manual,,rwd,mid-size,SUV,green,https://images.craigslist.org/7301591023.jpg,Needs work.,,fl,35.716259,,2021-05-11T13:24:00-0500
7301591024,https://example.craigslist.org/cto/d/7301591024.html,miami,https://example.craigslist.org,75956,,,,,12 cylinders,electric,,missing,manual,,rwd,full-size,convertible,,https://images.craigslist.org/7301591024.jpg,"Runs great, one owner.",,fl,40.384093,-85.618387,2021-05-09T14:58:00-0500
7301591025,https://example.craigslist.org/cto/d/7301591025.html,seattle-tacoma,https://example.craigslist.org,0,2006,nissan,altima,,other,diesel,22506,clean,other,,4wd,mid-size,wagon,grey,https://images.craigslist.org/7301591025.jpg,,,wa,33.719903,-79.908013,2021-04-18T08:53:00-0500
7301591026,https://example.craigslist.org/cto/d/7301591026.html,los angeles,https://example.craigslist.org,0,,toyota,tacoma,new,3 cylinders,diesel,,salvage,automatic,1HGCM82633A091026,rwd,mid-size,truck,,https://images.craigslist.org/7301591026.jpg,"Runs great, one owner.",,ca,30.013184,-83.354401,2021-06-23T05:38:00-0500
7301591027,https://example.craigslist.org/cto/d/7301591027.html,atlanta,https://example.craigslist.org,-500,2016,other-brand-x,,excellent,12 cylinders,electric,,parts only,manual,,rwd,compact,,red,https://images.craigslist.org/7301591027.jpg,"Runs great, one owner.",,ga,38.016449,,2021-04-04T17:27:00-0500
7301591028,https://example.craigslist.org/cto/d/7301591028.html,chicago,https://example.craigslist.org,,2010,porsche,911,good,10 cylinders,,0,,,1HGCM82633A091028,rwd,sub-compact,truck,red,https://images.craigslist.org/7301591028.jpg,Needs work.,,il,43.991896,-106.917857,2021-04-14T07:53:00-0500
7301591029,https://example.craigslist.org/cto/d/7301591029.html,seattle-tacoma,https://example.craigslist.org,32463,2008,toyota,rav4,new,other,hybrid,149882,salvage,,,4wd,full-size,hatchback,red,https://images.craigslist.org/7301591029.jpg,,,wa,36.882427,-111.208129,2021-05-14T13:31:00-0500
7301591030,https://example.craigslist.org/cto/d/7301591030.html,los angeles,https://example.craigslist.org,62902,2016,,unknown model,like new,12 cylinders,,,salvage,other,1HGCM82633A091030,4wd,sub-compact,van,grey,https://images.craigslist.org/7301591030.jpg,Needs work.,,ca,37.658935,-99.951501,2021-05-08T09:16:00-0500
7301591031,https://example.craigslist.org/cto/d/7301591031.html,denver,https://example.craigslist.org,,2017,bmw,3 series,like new,6 cylinders,diesel,31840,parts only,,,4wd,compact,coupe,red,https://images.craigslist.org/7301591031.jpg,,,co,31.952155,-117.291103,2021-06-28T01:03:00-0500
7301591032,https://example.craigslist.org/cto/d/7301591032.html,atlanta,https://example.craigslist.org,17051,2016,,,good,other,electric,,rebuilt,manual,,4wd,sub-compact,SUV,black,https://images.craigslist.org/7301591032.jpg,Needs work.,,ga,38.271487,-115.958469,2021-05-07T18:19:00-0500
7301591033,https://example.craigslist.org/cto/d/7301591033.html,atlanta,https://example.craigslist.org,73647,1997,toyota,corolla,,,electric,159442,lien,,,,full-size,mini-van,white,https://images.craigslist.org/7301591033.jpg,"Runs great, one owner.",,ga,29.779122,-88.997309,2021-04-29T05:15:00-0500
7301591034,https://example.craigslist.org/cto/d/7301591034.html,atlanta,https://example.craigslist.org,0,1996,hyundai,tucson,excellent,3 cylinders,diesel,0,rebuilt,other,1HGCM82633A091034,,compact,other,blue,https://images.craigslist.org/7301591034.jpg,,,ga,39.376334,-74.515572,2021-05-31T13:07:00-0500
7301591035,https://example.craigslist.org/cto/d/7301591035.html,los angeles,https://example.craigslist.org,,2014,,unknown model,like new,8 cylinders,other,,parts only,other,,fwd,sub-compact,,red,https://images.craigslist.org/7301591035.jpg,Needs work.,,ca,36.51086,-119.736582,2021-04-08T01:56:00-0500
7301591036,https://example.craigslist.org/cto/d/7301591036.html,atlanta,https://example.craigslist.org,0,2013,tesla,model y,new,8 cylinders,other,,clean,manual,,,full-size,truck,green,https://images.craigslist.org/7301591036.jpg,Needs work.,,ga,35.810239,-106.983912,2021-06-15T03:54:00-0500
7301591037,https://example.craigslist.org/cto/d/7301591037.html,seattle-tacoma,https://example.craigslist.org,91421,2007,hyundai,sonata,new,other,gas,76054,rebuilt,other,,fwd,sub-compact,van,white,https://images.craigslist.org/7301591037.jpg,Needs work.,,wa,29.314398,-83.908513,2021-06-10T20:28:00-0500
7301591038,https://example.craigslist.org/cto/d/7301591038.html,chicago,https://example.craigslist.org,-500,2002,chevrolet,malibu,good,4 cylinders,gas,0,parts only,manual,1HGCM82633A091038,rwd,full-size,van,white,https://images.craigslist.org/7301591038.jpg,Needs work.,,il,,-75.614716,2021-06-29T14:07:00-0500
7301591039,https://example.craigslist.org/cto/d/7301591039.html,chicago,https://example.craigslist.org,,2016,nissan,frontier,good,,diesel,0,lien,manual,1HGCM82633A091039,rwd,compact,pickup,green,https://images.craigslist.org/7301591039.jpg,,,il,36.677967,-109.009534,2021-05-02T09:53:00-0500
7301591040,https://example.craigslist.org/cto/d/7301591040.html,chicago,https://example.craigslist.org,-500,2015,,,excellent,,other,117559,lien,,,rwd,mid-size,mini-van,green,https://images.craigslist.org/7301591040.jpg,,,il,34.447827,-98.932259,2021-05-15T12:24:00-0500
7301591041,https://example.craigslist.org/cto/d/7301591041.html,chicago,https://example.craigslist.org,,1995,nissan,frontier,fair,other,gas,,parts only,manual,,rwd,compact,wagon,red,https://images.craigslist.org/7301591041.jpg,,,il,34.142116,,2021-04-13T10:54:00-0500
7301591042,https://example.craigslist.org/cto/d/7301591042.html,dallas / fort worth,https://example.craigslist.org,82655,2004,,,new,6 cylinders,,229189,parts only,other,,fwd,sub-compact,SUV,black,https://images.craigslist.org/7301591042.jpg,Needs work.,,tx,31.88772,,2021-06-19T10:50:00-0500
7301591043,https://example.craigslist.org/cto/d/7301591043.html,denver,https://example.craigslist.org,49631,2005,chevrolet,equinox,fair,5 cylinders,diesel,,salvage,automatic,1HGCM82633A091043,,,other,blue,https://images.craigslist.org/7301591043.jpg,Needs work.,,co,28.291708,-110.539201,2021-05-23T08:42:00-0500
7301591044,https://example.craigslist.org/cto/d/7301591044.html,miami,https://example.craigslist.org,-500,2003,ford,focus,excellent,12 cylinders,,0,rebuilt,,,rwd,sub-compact,wagon,black,https://images.craigslist.org/7301591044.jpg,,,fl,33.256061,-86.938209,2021-06-15T00:53:00-0500
7301591045,https://example.craigslist.org/cto/d/7301591045.html,chicago,https://example.craigslist.org,0,,ferrari,488,,6 cylinders,other,239212,,other,,rwd,,pickup,silver,https://images.craigslist.org/7301591045.jpg,"Runs great, one owner.",,il,39.865834,-100.636371,2021-05-07T18:23:00-0500
7301591046,https://example.craigslist.org/cto/d/7301591046.html,phoenix,https://example.craigslist.org,43323,2003,nissan,altima,excellent,,other,,rebuilt,manual,,,full-size,,grey,https://images.craigslist.org/7301591046.jpg,"Runs great, one owner.",,az,26.731885,-112.042421,2021-06-09T21:46:00-0500
7301591047,https://example.craigslist.org/cto/d/7301591047.html,los angeles,https://example.craigslist.org,0,1996,ferrari,488,excellent,8 cylinders,other,69826,lien,other,,rwd,sub-compact,sedan,grey,https://images.craigslist.org/7301591047.jpg,,,ca,39.61429,-86.84291,2021-05-29T20:26:00-0500
7301591048,https://example.craigslist.org/cto/d/7301591048.html,los angeles,https://example.craigslist.org,,1995,honda,accord,fair,5 cylinders,electric,,lien,other,1HGCM82633A091048,,,,silver,https://images.craigslist.org/7301591048.jpg,Needs work.,,ca,44.174941,-74.230188,2021-05-01T08:02:00-0500
7301591049,https://example.craigslist.org/cto/d/7301591049.html,los angeles,https://example.craigslist.org,-500,2008,porsche,911,excellent,,,0,rebuilt,automatic,,4wd,mid-size,SUV,,https://images.craigslist.org/7301591049.jpg,"Runs great, one owner.",,ca,39.759203,-122.868055,2021-06-27T10:15:00-0500
7301591050,https://example.craigslist.org/cto/d/7301591050.html,albuquerque,https://example.craigslist.org,-500,1996,nissan,sentra,,5 cylinders,other,,clean,other,,rwd,,pickup,silver,https://images.craigslist.org/7301591050.jpg,"Runs great, one owner.",,nm,25.592943,,2021-05-13T07:37:00-0500
7301591051,https://example.craigslist.org/cto/d/7301591051.html,seattle-tacoma,https://example.craigslist.org,0,1999,lexus,rx 350,new,4 cylinders,electric,33728,lien,other,1HGCM82633A091051,fwd,sub-compact,van,blue,https://images.craigslist.org/7301591051.jpg,"Runs great, one owner.",,wa,45.901289,-108.013593,2021-06-07T20:01:00-0500
7301591052,https://example.craigslist.org/cto/d/7301591052.html,chicago,https://example.craigslist.org,53140,2021,chevrolet,camaro,new,4 cylinders,hybrid,,missing,manual,,rwd,full-size,mini-van,grey,https://images.craigslist.org/7301591052.jpg,Needs work.,,il,37.202807,-91.91238,2021-05-27T03:50:00-0500
7301591053,https://example.craigslist.org/cto/d/7301591053.html,chicago,https://example.craigslist.org,-500,2007,honda,accord,good,4 cylinders,hybrid,0,lien,other,1HGCM82633A091053,4wd,full-size,truck,,https://images.craigslist.org/7301591053.jpg,"Runs great, one owner.",,il,,,2021-05-22T13:06:00-0500
7301591054,https://example.craigslist.org/cto/d/7301591054.html,seattle-tacoma,https://example.craigslist.org,,2011,porsche,911,,12 cylinders,,,clean,other,1HGCM82633A091054,4wd,full-size,SUV,blue,https://images.craigslist.org/7301591054.jpg,,,wa,30.157632,-79.195209,2021-05-16T11:07:00-0500
7301591055,https://example.craigslist.org/cto/d/7301591055.html,new york city,https://example.craigslist.org,0,2001,mercedes-benz,glc,like new,8 cylinders,,160144,,other,,4wd,compact,truck,silver,https://images.craigslist.org/7301591055.jpg,Needs work.,,ny,,-72.494053,2021-04-04T02:47:00-0500
7301591056,https://example.craigslist.org/cto/d/7301591056.html,miami,https://example.craigslist.org,55528,2006,subaru,outback,salvage,10 cylinders,other,,missing,automatic,,rwd,mid-size,mini-van,white,https://images.craigslist.org/7301591056.jpg,"Runs great, one owner.",,fl,40.22459,-100.571658,2021-05-10T08:13:00-0500
7301591057,https://example.craigslist.org/cto/d/7301591057.html,atlanta,https://example.craigslist.org,0,2005,subaru,outback,fair,8 cylinders,gas,74751,salvage,,1HGCM82633A091057,fwd,compact,coupe,red,https://images.craigslist.org/7301591057.jpg,,,ga,42.575701,-117.64083,2021-06-02T15:47:00-0500
7301591058,https://example.craigslist.org/cto/d/7301591058.html,miami,https://example.craigslist.org,-500,1998,tesla,model 3,good,3 cylinders,electric,131640,clean,,,4wd,,convertible,green,https://images.craigslist.org/7301591058.jpg,Needs work.,,fl,34.315743,-114.890721,2021-04-10T19:29:00-0500
7301591059,https://example.craigslist.org/cto/d/7301591059.html,seattle-tacoma,https://example.craigslist.org,-500,2007,porsche,911,new,12 cylinders,hybrid,114709,parts only,other,,4wd,mid-size,SUV,black,https://images.craigslist.org/7301591059.jpg,,,wa,33.035631,-80.595724,2021-06-07T04:15:00-0500
7301591060,https://example.craigslist.org/cto/d/7301591060.html,los angeles,https://example.craigslist.org,-500,2002,honda,accord,,other,electric,,,,1HGCM82633A091060,4wd,full-size,truck,,https://images.craigslist.org/7301591060.jpg,"Runs great, one owner.",,ca,39.521858,-92.654753,2021-04-23T11:32:00-0500
7301591061,https://example.craigslist.org/cto/d/7301591061.html,new york city,https://example.craigslist.org,0,2008,toyota,rav4,salvage,4 cylinders,other,0,missing,,,fwd,sub-compact,mini-van,blue,https://images.craigslist.org/7301591061.jpg,,,ny,36.531448,-100.122275,2021-04-10T10:45:00-0500
7301591062,https://example.craigslist.org/cto/d/7301591062.html,denver,https://example.craigslist.org,32972,1995,toyota,corolla,like new,10 cylinders,hybrid,115691,rebuilt,,,4wd,,sedan,grey,https://images.craigslist.org/7301591062.jpg,"Runs great, one owner.",,co,37.833154,-110.644223,2021-06-18T21:58:00-0500
7301591063,https://example.craigslist.org/cto/d/7301591063.html,new york city,https://example.craigslist.org,-500,2004,other-brand-x,unknown model,salvage,12 cylinders,diesel,0,missing,automatic,,,full-size,truck,black,https://images.craigslist.org/7301591063.jpg,Needs work.,,ny,25.419302,-73.588026,2021-06-23T10:49:00-0500
7301591064,https://example.craigslist.org/cto/d/7301591064.html,los angeles,https://example.craigslist.org,-500,2001,ram,1500,,,,0,missing,automatic,1HGCM82633A091064,4wd,,truck,green,https://images.craigslist.org/7301591064.jpg,,,ca,44.120936,-81.120683,2021-06-04T05:46:00-0500
7301591065,https://example.craigslist.org/cto/d/7301591065.html,new york city,https://example.craigslist.org,-500,2007,jeep,wrangler,like new,,diesel,116944,rebuilt,,,4wd,,wagon,,https://images.craigslist.org/7301591065.jpg,,,ny,36.566854,-115.410917,2021-05-28T06:51:00-0500
7301591066,https://example.craigslist.org/cto/d/7301591066.html,miami,https://example.craigslist.org,0,2021,other-brand-x,unknown model,new,,gas,0,rebuilt,automatic,,4wd,sub-compact,van,silver,https://images.craigslist.org/7301591066.jpg,Needs work.,,fl,,-80.714727,2021-06-10T11:59:00-0500
7301591067,https://example.craigslist.org/cto/d/7301591067.html,los angeles,https://example.craigslist.org,,1995,ford,focus,like new,3 cylinders,hybrid,0,clean,other,,rwd,compact,pickup,,https://images.craigslist.org/7301591067.jpg,,,ca,35.789533,-75.989553,2021-05-18T00:16:00-0500
7301591068,https://example.craigslist.org/cto/d/7301591068.html,albuquerque,https://example.craigslist.org,80307,2011,kia,forte,new,3 cylinders,diesel,0,lien,,,fwd,sub-compact,mini-van,white,https://images.craigslist.org/7301591068.jpg,,,nm,31.699256,,2021-05-09T11:15:00-0500
7301591069,https://example.craigslist.org/cto/d/7301591069.html,los angeles,https://example.craigslist.org,0,1999,,,fair,,other,0,missing,automatic,,,compact,other,green,https://images.craigslist.org/7301591069.jpg,,,ca,25.373571,-105.725468,2021-06-07T23:42:00-0500
7301591070,https://example.craigslist.org/cto/d/7301591070.html,phoenix,https://example.craigslist.org,,1998,honda,cr-v,good,other,,0,salvage,manual,,,compact,pickup,blue,https://images.craigslist.org/7301591070.jpg,"Runs great, one owner.",,az,45.373179,-107.565978,2021-06-27T12:52:00-0500
7301591071,https://example.craigslist.org/cto/d/7301591071.html,dallas / fort worth,https://example.craigslist.org,-500,2002,,,excellent,8 cylinders,gas,0,,other,,,sub-compact,convertible,grey,https://images.craigslist.org/7301591071.jpg,,,tx,36.443038,-96.47838,2021-06-23T02:46:00-0500
7301591072,https://example.craigslist.org/cto/d/7301591072.html,miami,https://example.craigslist.org,-500,2007,tesla,model 3,new,10 cylinders,,0,rebuilt,other,,,mid-size,,,https://images.craigslist.org/7301591072.jpg,,,fl,41.716731,-91.412871,2021-04-14T13:17:00-0500
7301591073,https://example.craigslist.org/cto/d/7301591073.html,phoenix,https://example.craigslist.org,84060,2015,chevrolet,silverado 1500,like new,other,gas,95739,salvage,automatic,,4wd,full-size,convertible,white,https://images.craigslist.org/7301591073.jpg,,,az,46.822941,-83.556523,2021-04-04T18:08:00-0500
7301591074,https://example.craigslist.org/cto/d/7301591074.html,dallas / fort worth,https://example.craigslist.org,,2006,subaru,forester,good,,electric,,missing,automatic,,4wd,sub-compact,coupe,red,https://images.craigslist.org/7301591074.jpg,Needs work.,,tx,28.121754,,2021-04-24T05:57:00-0500
7301591075,https://example.craigslist.org/cto/d/7301591075.html,los angeles,https://example.craigslist.org,,2019,jeep,wrangler,fair,8 cylinders,hybrid,0,,manual,1HGCM82633A091075,rwd,full-size,van,blue,https://images.craigslist.org/7301591075.jpg,"Runs great, one owner.",,ca,43.21751,-97.816837,2021-06-10T11:35:00-0500
7301591076,https://example.craigslist.org/cto/d/7301591076.html,los angeles,https://example.craigslist.org,-500,2008,,,good,other,other,,lien,,1HGCM82633A091076,fwd,mid-size,hatchback,black,https://images.craigslist.org/7301591076.jpg,Needs work.,,ca,36.89928,-80.060152,2021-05-10T17:40:00-0500
7301591077,https://example.craigslist.org/cto/d/7301591077.html,los angeles,https://example.craigslist.org,17412,2018,,unknown model,like new,8 cylinders,diesel,,salvage,other,1HGCM82633A091077,rwd,full-size,van,red,https://images.craigslist.org/7301591077.jpg,"Runs great, one owner.",,ca,39.606313,-117.365974,2021-06-06T09:39:00-0500
7301591078,https://example.craigslist.org/cto/d/7301591078.html,phoenix,https://example.craigslist.org,-500,2010,,unknown model,salvage,10 cylinders,other,155639,clean,automatic,,fwd,,pickup,blue,https://images.craigslist.org/7301591078.jpg,Needs work.,,az,25.696576,-95.084393,2021-04-22T20:19:00-0500
7301591079,https://example.craigslist.org/cto/d/7301591079.html,los angeles,https://example.craigslist.org,90283,2019,ram,1500,new,5 cylinders,electric,0,lien,,,rwd,full-size,mini-van,silver,https://images.craigslist.org/7301591079.jpg,,,ca,32.344277,-105.69536,2021-06-28T12:08:00-0500
7301591080,https://example.craigslist.org/cto/d/7301591080.html,chicago,https://example.craigslist.org,32185,2004,porsche,911,like new,4 cylinders,gas,0,rebuilt,,1HGCM82633A091080,,mid-size,truck,grey,https://images.craigslist.org/7301591080.jpg,,,il,28.664875,-99.258799,2021-05-02T09:31:00-0500
7301591081,https://example.craigslist.org/cto/d/7301591081.html,atlanta,https://example.craigslist.org,66749,2006,ford,f-150,new,3 cylinders,hybrid,,lien,,,fwd,compact,convertible,silver,https://images.craigslist.org/7301591081.jpg,,,ga,42.568706,-102.769174,2021-05-16T18:35:00-0500
7301591082,https://example.craigslist.org/cto/d/7301591082.html,chicago,https://example.craigslist.org,0,2011,kia,soul,excellent,4 cylinders,diesel,101779,clean,,,4wd,,hatchback,silver,https://images.craigslist.org/7301591082.jpg,,,il,34.231903,,2021-06-10T01:08:00-0500
7301591083,https://example.craigslist.org/cto/d/7301591083.html,phoenix,https://example.craigslist.org,-500,2010,lexus,es 350,fair,10 cylinders,diesel,159427,lien,other,1HGCM82633A091083,4wd,,van,,https://images.craigslist.org/7301591083.jpg,,,az,25.38265,-118.190957,2021-05-12T13:37:00-0500
7301591084,https://example.craigslist.org/cto/d/7301591084.html,new york city,https://example.craigslist.org,0,2021,audi,a6,,6 cylinders,,0,clean,,,,mid-size,other,blue,https://images.craigslist.org/7301591084.jpg,"Runs great, one owner.",,ny,41.111981,-100.624956,2021-06-23T13:09:00-0500
7301591085,https://example.craigslist.org/cto/d/7301591085.html,dallas / fort worth,https://example.craigslist.org,66274,2007,tesla,model 3,like new,,diesel,229303,missing,other,1HGCM82633A091085,,,convertible,grey,https://images.craigslist.org/7301591085.jpg,,,tx,37.261922,-88.178965,2021-06-30T23:43:00-0500
7301591086,https://example.craigslist.org/cto/d/7301591086.html,new york city,https://example.craigslist.org,-500,2009,mercedes-benz,glc,excellent,8 cylinders,,73639,salvage,,,,full-size,van,red,https://images.craigslist.org/7301591086.jpg,,,ny,40.562312,-72.051492,2021-04-29T11:49:00-0500
7301591087,https://example.craigslist.org/cto/d/7301591087.html,new york city,https://example.craigslist.org,0,1995,nissan,rogue,like new,6 cylinders,other,0,rebuilt,other,,fwd,,,blue,https://images.craigslist.org/7301591087.jpg,,,ny,,-112.039403,2021-06-01T07:03:00-0500
7301591088,https://example.craigslist.org/cto/d/7301591088.html,phoenix,https://example.craigslist.org,94525,2004,honda,pilot,fair,5 cylinders,electric,26857,parts only,,,rwd,full-size,hatchback,red,https://images.craigslist.org/7301591088.jpg,"Runs great, one owner.",,az,27.057597,-95.636929,2021-04-01T23:54:00-0500
7301591089,https://example.craigslist.org/cto/d/7301591089.html,chicago,https://example.craigslist.org,0,2007,chevrolet,malibu,salvage,8 cylinders,gas,0,clean,other,1HGCM82633A091089,fwd,full-size,pickup,,https://images.craigslist.org/7301591089.jpg,Needs work.,,il,28.086599,-109.539635,2021-04-24T03:21:00-0500
7301591090,https://example.craigslist.org/cto/d/7301591090.html,dallas / fort worth,https://example.craigslist.org,,2008,hyundai,tucson,,8 cylinders,other,,parts only,manual,,,sub-compact,van,grey,https://images.craigslist.org/7301591090.jpg,"Runs great, one owner.",,tx,27.193857,-98.694933,2021-05-14T07:00:00-0500
7301591091,https://example.craigslist.org/cto/d/7301591091.html,atlanta,https://example.craigslist.org,,2001,mercedes-benz,e-class,new,8 cylinders,,0,rebuilt,manual,,fwd,sub-compact,pickup,silver,https://images.craigslist.org/7301591091.jpg,Needs work.,,ga,46.231438,-83.198424,2021-06-13T22:07:00-0500
7301591092,https://example.craigslist.org/cto/d/7301591092.html,phoenix,https://example.craigslist.org,-500,2013,audi,q5,salvage,10 cylinders,electric,0,parts only,,1HGCM82633A091092,rwd,mid-size,other,black,https://images.craigslist.org/7301591092.jpg,Needs work.,,az,33.321052,-118.052934,2021-05-29T17:57:00-0500
7301591093,https://example.craigslist.org/cto/d/7301591093.html,denver,https://example.craigslist.org,-500,2012,subaru,outback,new,6 cylinders,,0,missing,,,,compact,wagon,silver,https://images.craigslist.org/7301591093.jpg,Needs work.,,co,26.327946,-81.233486,2021-05-27T23:01:00-0500
7301591094,https://example.craigslist.org/cto/d/7301591094.html,dallas / fort worth,https://example.craigslist.org,-500,2020,ferrari,488,excellent,4 cylinders,other,,clean,automatic,,fwd,full-size,convertible,silver,https://images.craigslist.org/7301591094.jpg,,,tx,47.501666,-101.720817,2021-05-25T12:28:00-0500
7301591095,https://example.craigslist.org/cto/d/7301591095.html,los angeles,https://example.craigslist.org,-500,1996,ferrari,488,fair,12 cylinders,other,0,salvage,manual,,fwd,full-size,wagon,green,https://images.craigslist.org/7301591095.jpg,Needs work.,,ca,30.692777,-109.390564,2021-04-23T23:48:00-0500
7301591096,https://example.craigslist.org/cto/d/7301591096.html,albuquerque,https://example.craigslist.org,87033,2019,honda,civic,new,4 cylinders,other,,clean,,1HGCM82633A091096,fwd,mid-size,,white,https://images.craigslist.org/7301591096.jpg,Needs work.,,nm,37.414476,-82.868628,2021-04-27T04:32:00-0500
7301591097,https://example.craigslist.org/cto/d/7301591097.html,miami,https://example.craigslist.org,,2020,audi,a4,excellent,5 cylinders,,151881,missing,manual,,4wd,full-size,sedan,silver,https://images.craigslist.org/7301591097.jpg,Needs work.,,fl,26.078334,-89.904249,2021-05-01T12:50:00-0500
7301591098,https://example.craigslist.org/cto/d/7301591098.html,seattle-tacoma,https://example.craigslist.org,55068,2016,subaru,forester,,,electric,0,salvage,manual,,rwd,sub-compact,sedan,green,https://images.craigslist.org/7301591098.jpg,Needs work.,,wa,28.084133,-113.223153,2021-04-24T20:05:00-0500
7301591099,https://example.craigslist.org/cto/d/7301591099.html,seattle-tacoma,https://example.craigslist.org,-500,1996,jeep,grand cherokee,fair,3 cylinders,gas,0,salvage,manual,,rwd,full-size,pickup,white,https://images.craigslist.org/7301591099.jpg,,,wa,47.127784,-71.022684,2021-06-26T15:58:00-0500
7301591100,https://example.craigslist.org/cto/d/7301591100.html,denver,https://example.craigslist.org,-500,2013,bmw,5 series,,8 cylinders,electric,,lien,other,,4wd,full-size,van,,https://images.craigslist.org/7301591100.jpg,Needs work.,,co,,-99.117008,2021-05-12T10:58:00-0500
7301591101,https://example.craigslist.org/cto/d/7301591101.html,phoenix,https://example.craigslist.org,0,2004,kia,soul,excellent,,other,,missing,,,rwd,mid-size,hatchback,blue,https://images.craigslist.org/7301591101.jpg,Needs work.,,az,30.65179,-73.996379,2021-04-03T10:16:00-0500
7301591102,https://example.craigslist.org/cto/d/7301591102.html,denver,https://example.craigslist.org,,2008,ram,2500,like new,,,,clean,automatic,,fwd,compact,convertible,silver,https://images.craigslist.org/7301591102.jpg,,,co,,-112.407857,2021-06-02T14:23:00-0500
7301591103,https://example.craigslist.org/cto/d/7301591103.html,denver,https://example.craigslist.org,0,2015,chevrolet,camaro,new,3 cylinders,other,2233,parts only,other,1HGCM82633A091103,4wd,compact,van,green,https://images.craigslist.org/7301591103.jpg,,,co,27.215219,-113.827601,2021-05-23T16:16:00-0500
7301591104,https://example.craigslist.org/cto/d/7301591104.html,chicago,https://example.craigslist.org,0,2019,porsche,cayenne,like new,6 cylinders,hybrid,0,parts only,automatic,1HGCM82633A091104,fwd,compact,convertible,green,https://images.craigslist.org/7301591104.jpg,Needs work.,,il,26.290644,,2021-06-12T05:05:00-0500
7301591105,https://example.craigslist.org/cto/d/7301591105.html,dallas / fort worth,https://example.craigslist.org,0,2014,ram,2500,like new,other,hybrid,235064,clean,automatic,1HGCM82633A091105,4wd,,mini-van,white,https://images.craigslist.org/7301591105.jpg,,,tx,32.233148,-92.887086,2021-04-30T22:52:00-0500
7301591106,https://example.craigslist.org/cto/d/7301591106.html,denver,https://example.craigslist.org,-500,2003,ferrari,488,good,5 cylinders,,0,parts only,automatic,1HGCM82633A091106,4wd,compact,SUV,green,https://images.craigslist.org/7301591106.jpg,,,co,32.833633,-73.392505,2021-05-13T12:49:00-0500
7301591107,https://example.craigslist.org/cto/d/7301591107.html,miami,https://example.craigslist.org,36325,2014,lexus,rx 350,good,12 cylinders,diesel,,parts only,,,4wd,mid-size,,black,https://images.craigslist.org/7301591107.jpg,"Runs great, one owner.",,fl,33.74,-115.823325,2021-06-10T12:20:00-0500
7301591108,https://example.craigslist.org/cto/d/7301591108.html,new york city,https://example.craigslist.org,,1996,porsche,911,like new,4 cylinders,diesel,0,lien,,1HGCM82633A091108,,compact,sedan,black,https://images.craigslist.org/7301591108.jpg,,,ny,38.729265,-78.222937,2021-04-14T00:18:00-0500
7301591109,https://example.craigslist.org/cto/d/7301591109.html,phoenix,https://example.craigslist.org,-500,2018,tesla,model y,good,5 cylinders,diesel,150435,rebuilt,other,,,mid-size,SUV,silver,https://images.craigslist.org/7301591109.jpg,Needs work.,,az,31.894302,-104.86038,2021-06-27T07:46:00-0500
7301591110,https://example.craigslist.org/cto/d/7301591110.html,seattle-tacoma,https://example.craigslist.org,-500,2008,ram,1500,,12 cylinders,hybrid,,lien,other,,rwd,full-size,hatchback,blue,https://images.craigslist.org/7301591110.jpg,Needs work.,,wa,47.185216,-108.553248,2021-05-13T22:40:00-0500
7301591111,https://example.craigslist.org/cto/d/7301591111.html,miami,https://example.craigslist.org,,2004,ram,1500,fair,6 cylinders,other,0,missing,manual,1HGCM82633A091111,fwd,sub-compact,,blue,https://images.craigslist.org/7301591111.jpg,Needs work.,,fl,44.119482,,2021-04-15T13:43:00-0500
7301591112,https://example.craigslist.org/cto/d/7301591112.html,phoenix,https://example.craigslist.org,-500,2014,ram,1500,,12 cylinders,gas,66738,lien,,1HGCM82633A091112,,,van,green,https://images.craigslist.org/7301591112.jpg,"Runs great, one owner.",,az,33.269178,-95.543983,2021-05-25T20:58:00-0500
7301591113,https://example.craigslist.org/cto/d/7301591113.html,atlanta,https://example.craigslist.org,,2018,toyota,camry,fair,12 cylinders,hybrid,44104,,,,fwd,compact,pickup,blue,https://images.craigslist.org/7301591113.jpg,,,ga,33.996086,-92.804732,2021-04-06T16:09:00-0500
7301591114,https://example.craigslist.org/cto/d/7301591114.html,los angeles,https://example.craigslist.org,,2009,porsche,911,excellent,8 cylinders,hybrid,,lien,manual,1HGCM82633A091114,,full-size,wagon,black,https://images.craigslist.org/7301591114.jpg,Needs work.,,ca,35.406285,,2021-04-19T01:51:00-0500
7301591115,https://example.craigslist.org/cto/d/7301591115.html,albuquerque,https://example.craigslist.org,0,2021,honda,civic,like new,,diesel,,rebuilt,,,rwd,sub-compact,other,silver,https://images.craigslist.org/7301591115.jpg,,,nm,34.939092,,2021-06-06T19:56:00-0500
7301591116,https://example.craigslist.org/cto/d/7301591116.html,albuquerque,https://example.craigslist.org,56802,2012,kia,soul,excellent,4 cylinders,other,1666,clean,manual,,4wd,mid-size,wagon,black,https://images.craigslist.org/7301591116.jpg,,,nm,36.258132,-107.389582,2021-04-27T12:39:00-0500
7301591117,https://example.craigslist.org/cto/d/7301591117.html,new york city,https://example.craigslist.org,46635,2005,ferrari,488,fair,4 cylinders,,,salvage,other,,rwd,full-size,SUV,silver,https://images.craigslist.org/7301591117.jpg,,,ny,36.748972,-116.693033,2021-06-18T12:27:00-0500
7301591118,https://example.craigslist.org/cto/d/7301591118.html,chicago,https://example.craigslist.org,-500,2014,hyundai,sonata,like new,5 cylinders,hybrid,,,,1HGCM82633A091118,fwd,full-size,sedan,,https://images.craigslist.org/7301591118.jpg,,,il,33.830716,-89.387303,2021-05-07T13:43:00-0500
7301591119,https://example.craigslist.org/cto/d/7301591119.html,atlanta,https://example.craigslist.org,58676,2016,ram,2500,,6 cylinders,hybrid,,clean,other,,4wd,mid-size,wagon,,https://images.craigslist.org/7301591119.jpg,"Runs great, one owner.",,ga,31.161445,-71.482638,2021-04-04T17:52:00-0500
7301591120,https://example.craigslist.org/cto/d/7301591120.html,albuquerque,https://example.craigslist.org,29144,2011,chevrolet,camaro,,3 cylinders,electric,27347,rebuilt,other,,,compact,coupe,blue,https://images.craigslist.org/7301591120.jpg,,,nm,39.036021,-91.343986,2021-05-09T06:52:00-0500
7301591121,https://example.craigslist.org/cto/d/7301591121.html,phoenix,https://example.craigslist.org,,2012,kia,forte,salvage,8 cylinders,hybrid,156962,missing,other,1HGCM82633A091121,fwd,mid-size,convertible,white,https://images.craigslist.org/7301591121.jpg,,,az,27.918428,-110.767106,2021-05-12T22:20:00-0500
7301591122,https://example.craigslist.org/cto/d/7301591122.html,new york city,https://example.craigslist.org,-500,2006,bmw,5 series,good,12 cylinders,electric,151868,clean,automatic,,4wd,full-size,wagon,,https://images.craigslist.org/7301591122.jpg,,,ny,44.984879,-119.063492,2021-06-20T14:40:00-0500
7301591123,https://example.craigslist.org/cto/d/7301591123.html,albuquerque,https://example.craigslist.org,70548,2019,porsche,911,excellent,10 cylinders,hybrid,0,rebuilt,manual,1HGCM82633A091123,,full-size,other,white,https://images.craigslist.org/7301591123.jpg,"Runs great, one owner.",,nm,,-99.642167,2021-06-03T03:59:00-0500
7301591124,https://example.craigslist.org/cto/d/7301591124.html,phoenix,https://example.craigslist.org,588,2008,hyundai,sonata,excellent,5 cylinders,hybrid,53536,clean,other,,fwd,full-size,other,silver,https://images.craigslist.org/7301591124.jpg,"Runs great, one owner.",,az,32.026713,-111.590376,2021-06-23T20:05:00-0500
7301591125,https://example.craigslist.org/cto/d/7301591125.html,albuquerque,https://example.craigslist.org,0,2000,honda,civic,salvage,other,gas,35286,clean,other,,,mid-size,wagon,black,https://images.craigslist.org/7301591125.jpg,,,nm,41.807558,-107.392372,2021-06-06T09:08:00-0500
7301591126,https://example.craigslist.org/cto/d/7301591126.html,atlanta,https://example.craigslist.org,-500,2014,ferrari,488,fair,5 cylinders,electric,18433,rebuilt,manual,1HGCM82633A091126,rwd,sub-compact,mini-van,,https://images.craigslist.org/7301591126.jpg,,,ga,,-84.120381,2021-04-02T18:46:00-0500
7301591127,https://example.craigslist.org/cto/d/7301591127.html,los angeles,https://example.craigslist.org,-500,2007,ferrari,488,fair,8 cylinders,,0,clean,other,,rwd,sub-compact,pickup,white,https://images.craigslist.org/7301591127.jpg,,,ca,27.593104,-92.521722,2021-05-02T16:56:00-0500
7301591128,https://example.craigslist.org/cto/d/7301591128.html,seattle-tacoma,https://example.craigslist.org,17799,2004,ford,explorer,fair,5 cylinders,electric,226157,,automatic,,fwd,compact,pickup,blue,https://images.craigslist.org/7301591128.jpg,"Runs great, one owner.",,wa,46.81964,-108.816147,2021-05-17T22:32:00-0500
7301591129,https://example.craigslist.org/cto/d/7301591129.html,denver,https://example.craigslist.org,0,2016,tesla,model y,like new,8 cylinders,gas,168413,rebuilt,automatic,1HGCM82633A091129,rwd,mid-size,van,grey,https://images.craigslist.org/7301591129.jpg,Needs work.,,co,42.554155,-89.912808,2021-06-18T09:44:00-0500
7301591130,https://example.craigslist.org/cto/d/7301591130.html,los angeles,https://example.craigslist.org,0,1995,tesla,model 3,fair,3 cylinders,hybrid,0,parts only,manual,,fwd,mid-size,,white,https://images.craigslist.org/7301591130.jpg,,,ca,32.974218,-80.407136,2021-05-29T08:10:00-0500
7301591131,https://example.craigslist.org/cto/d/7301591131.html,miami,https://example.craigslist.org,0,2017,porsche,911,excellent,,gas,,rebuilt,automatic,,,,hatchback,white,https://images.craigslist.org/7301591131.jpg,Needs work.,,fl,28.838272,-83.013565,2021-05-25T18:43:00-0500
7301591132,https://example.craigslist.org/cto/d/7301591132.html,albuquerque,https://example.craigslist.org,0,2017,honda,accord,good,10 cylinders,electric,,salvage,manual,,,mid-size,hatchback,blue,https://images.craigslist.org/7301591132.jpg,Needs work.,,nm,32.358508,-93.708594,2021-04-06T03:32:00-0500
7301591133,https://example.craigslist.org/cto/d/7301591133.html,chicago,https://example.craigslist.org,0,2001,chevrolet,malibu,,8 cylinders,hybrid,,clean,,,4wd,mid-size,pickup,red,https://images.craigslist.org/7301591133.jpg,,,il,38.608892,-83.051497,2021-05-07T06:46:00-0500
7301591134,https://example.craigslist.org/cto/d/7301591134.html,denver,https://example.craigslist.org,1335,1998,,unknown model,salvage,3 cylinders,hybrid,,clean,,1HGCM82633A091134,4wd,compact,coupe,blue,https://images.craigslist.org/7301591134.jpg,Needs work.,,co,26.377587,-86.282419,2021-05-15T02:02:00-0500
7301591135,https://example.craigslist.org/cto/d/7301591135.html,los angeles,https://example.craigslist.org,,2007,bmw,5 series,new,,diesel,120682,parts only,,,fwd,sub-compact,other,silver,https://images.craigslist.org/7301591135.jpg,,,ca,44.571015,-103.173508,2021-06-14T23:20:00-0500
7301591136,https://example.craigslist.org/cto/d/7301591136.html,phoenix,https://example.craigslist.org,0,2002,lexus,es 350,new,5 cylinders,gas,,salvage,,,4wd,sub-compact,SUV,grey,https://images.craigslist.org/7301591136.jpg,,,az,35.656972,-119.207693,2021-06-14T21:19:00-0500
7301591137,https://example.craigslist.org/cto/d/7301591137.html,albuquerque,https://example.craigslist.org,-500,2000,other-brand-x,unknown model,good,,gas,24410,parts only,other,,rwd,compact,convertible,,https://images.craigslist.org/7301591137.jpg,,,nm,,-81.928084,2021-05-16T03:00:00-0500
7301591138,https://example.craigslist.org/cto/d/7301591138.html,los angeles,https://example.craigslist.org,26469,1998,chevrolet,malibu,fair,8 cylinders,gas,98080,clean,automatic,,,mid-size,SUV,grey,https://images.craigslist.org/7301591138.jpg,"Runs great, one owner.",,ca,,-115.096572,2021-06-14T18:27:00-0500
7301591139,https://example.craigslist.org/cto/d/7301591139.html,albuquerque,https://example.craigslist.org,50665,,ferrari,488,excellent,8 cylinders,electric,0,salvage,automatic,1HGCM82633A091139,rwd,full-size,wagon,green,https://images.craigslist.org/7301591139.jpg,Needs work.,,nm,,-116.726491,2021-04-24T06:41:00-0500
7301591140,https://example.craigslist.org/cto/d/7301591140.html,miami,https://example.craigslist.org,0,2014,subaru,outback,fair,other,hybrid,100769,missing,other,,4wd,mid-size,sedan,grey,https://images.craigslist.org/7301591140.jpg,,,fl,,-109.110569,2021-06-01T15:33:00-0500
7301591141,https://example.craigslist.org/cto/d/7301591141.html,new york city,https://example.craigslist.org,-500,1999,porsche,911,,3 cylinders,diesel,,missing,,,rwd,mid-size,coupe,grey,https://images.craigslist.org/7301591141.jpg,,,ny,25.648751,-73.779387,2021-06-08T18:09:00-0500
7301591142,https://example.craigslist.org/cto/d/7301591142.html,dallas / fort worth,https://example.craigslist.org,,2020,,unknown model,new,6 cylinders,other,0,salvage,automatic,1HGCM82633A091142,,compact,hatchback,blue,https://images.craigslist.org/7301591142.jpg,,,tx,29.081577,-77.984494,2021-04-12T01:01:00-0500
7301591143,https://example.craigslist.org/cto/d/7301591143.html,seattle-tacoma,https://example.craigslist.org,,2018,nissan,sentra,new,10 cylinders,hybrid,0,rebuilt,manual,,,sub-compact,other,grey,https://images.craigslist.org/7301591143.jpg,,,wa,37.925478,-91.473424,2021-06-15T11:14:00-0500
7301591144,https://example.craigslist.org/cto/d/7301591144.html,dallas / fort worth,https://example.craigslist.org,,2006,,unknown model,fair,12 cylinders,other,,clean,manual,1HGCM82633A091144,4wd,,coupe,black,https://images.craigslist.org/7301591144.jpg,Needs work.,,tx,42.142897,-71.933878,2021-06-29T05:40:00-0500
7301591145,https://example.craigslist.org/cto/d/7301591145.html,los angeles,https://example.craigslist.org,,2008,toyota,rav4,excellent,4 cylinders,,,clean,automatic,,,sub-compact,truck,green,https://images.craigslist.org/7301591145.jpg,Needs work.,,ca,33.078317,-80.07323,2021-05-15T18:41:00-0500
7301591146,https://example.craigslist.org/cto/d/7301591146.html,miami,https://example.craigslist.org,0,2008,bmw,3 series,new,4 cylinders,hybrid,,salvage,,,fwd,,SUV,grey,https://images.craigslist.org/7301591146.jpg,Needs work.,,fl,34.920437,-91.812166,2021-05-04T13:10:00-0500
7301591147,https://example.craigslist.org/cto/d/7301591147.html,denver,https://example.craigslist.org,-500,2004,chevrolet,silverado 1500,excellent,8 cylinders,hybrid,107790,salvage,automatic,,,,van,,https://images.craigslist.org/7301591147.jpg,,,co,,,2021-06-09T02:18:00-0500
7301591148,https://example.craigslist.org/cto/d/7301591148.html,new york city,https://example.craigslist.org,0,2000,other-brand-x,,good,4 cylinders,hybrid,,,,,,full-size,SUV,green,https://images.craigslist.org/7301591148.jpg,,,ny,33.773239,-121.635303,2021-04-11T14:29:00-0500
7301591149,https://example.craigslist.org/cto/d/7301591149.html,los angeles,https://example.craigslist.org,0,2020,mercedes-benz,c-class,salvage,10 cylinders,other,40117,lien,manual,1HGCM82633A091149,fwd,sub-compact,van,green,https://images.craigslist.org/7301591149.jpg,Needs work.,,ca,30.419766,-103.075369,2021-04-11T22:02:00-0500
7301591150,https://example.craigslist.org/cto/d/7301591150.html,albuquerque,https://example.craigslist.org,-500,1997,subaru,outback,like new,3 cylinders,electric,,clean,,,rwd,,pickup,grey,https://images.craigslist.org/7301591150.jpg,"Runs great, one owner.",,nm,,-94.741128,2021-04-25T08:33:00-0500
7301591001,https://example.craigslist.org/cto/d/7301591001.html,los angeles,https://example.craigslist.org,-500,2017,honda,civic,salvage,,gas,,missing,,,fwd,compact,coupe,blue,https://images.craigslist.org/7301591001.jpg,"Runs great, one owner.",,ca,41.468451,-101.765449,2021-06-26T14:37:00-0500
7301591006,https://example.craigslist.org/cto/d/7301591006.html,miami,https://example.craigslist.org,,2015,ford,f-150,excellent,12 cylinders,diesel,201983,lien,automatic,1HGCM82633A091006,4wd,,truck,black,https://images.craigslist.org/7301591006.jpg,,,fl,36.676246,-104.182566,2021-04-15T05:34:00-0500
